DROP TABLE IF EXISTS user_telephone;
DROP TABLE IF EXISTS user_table;
DROP TABLE IF EXISTS address;
DROP TABLE IF EXISTS telephone;

CREATE TABLE telephone (
  id BIGINT NOT NULL,
   number VARCHAR(255),
   CONSTRAINT pk_telephone PRIMARY KEY (id)
);

CREATE TABLE address (
  id BIGINT NOT NULL,
   landline BIGINT,
   address_line_1 VARCHAR(255) NOT NULL,
   town VARCHAR(255),
   post_code VARCHAR(255) NOT NULL,
   CONSTRAINT pk_address PRIMARY KEY (id)
);

ALTER TABLE address ADD CONSTRAINT FK_ADDRESS_ON_LANDLINE FOREIGN KEY (landline) REFERENCES telephone (id);

CREATE TABLE user_table (
  id BIGINT NOT NULL,
   first_name VARCHAR(255) NOT NULL,
   last_name VARCHAR(255) NOT NULL,
   address_id BIGINT,
   CONSTRAINT pk_user PRIMARY KEY (id)
);

CREATE TABLE user_telephone (
    user_id BIGINT NOT NULL,
    telephone_id BIGINT NOT NULL,
    CONSTRAINT pk_user_telephone PRIMARY KEY (user_id, telephone_id)
);

ALTER TABLE user_table ADD CONSTRAINT FK_USER_ON_ADDRESS FOREIGN KEY (address_id) REFERENCES address (id);

ALTER TABLE user_telephone ADD CONSTRAINT FK_USER_PHONE FOREIGN KEY (user_id) REFERENCES user_table (id);

ALTER TABLE user_telephone ADD CONSTRAINT FK_PHONE_USER FOREIGN KEY (telephone_id) REFERENCES telephone (id);

INSERT INTO telephone (id,number)
VALUES
  (0,'0980 987 6654'),
  (1,'0980 371 3658'),
  (2,'(01841) 595464'),
  (3,'07211 889888'),
  (4,'0845 46 49'),
  (5,'07278 358784'),
  (6,'(0113) 342 3981'),
  (7,'0800 586 1664'),
  (8,'07283 861571'),
  (9,'0884 526 7515'),
  (10,'0800 051 5868'),
  (11,'055 7306 9432'),
  (12,'(0151) 154 5147'),
  (13,'(0161) 432 6488'),
  (14,'0800 590 1163'),
  (15,'(013310) 85813'),
  (16,'0800 964215'),
  (17,'056 0042 6218'),
  (18,'070 2193 3622'),
  (19,'(016977) 5977'),
  (20,'056 4616 1990'),
  (21,'0836 427 2985'),
  (22,'(01011) 92647'),
  (23,'(016977) 1100'),
  (24,'(01783) 77735'),
  (25,'0500 519361'),
  (26,'0500 962398'),
  (27,'0800 652 5264'),
  (28,'(01654) 61259'),
  (29,'07842 513511'),
  (30,'0800 1111'),
  (31,'070 9754 9393'),
  (32,'(01641) 55896'),
  (33,'0800 853 3566'),
  (34,'07624 632838'),
  (35,'0800 1111'),
  (36,'0500 358837'),
  (37,'(0115) 615 1641'),
  (38,'(015120) 44521'),
  (39,'(016977) 7153'),
  (40,'0884 510 8897'),
  (41,'(01181) 28250'),
  (42,'(017626) 73388'),
  (43,'0800 634 6647'),
  (44,'(011866) 22992'),
  (45,'(016977) 8773'),
  (46,'(01274) 59844'),
  (47,'055 6455 2783'),
  (48,'(0181) 310 7425'),
  (49,'076 5636 8117'),
  (50,'0500 441777');
INSERT INTO telephone (id,number)
VALUES
  (51,'(016977) 4162'),
  (52,'07941 754837'),
  (53,'0937 517 5933'),
  (54,'056 4916 7462'),
  (55,'076 5375 8545'),
  (56,'055 4897 3373'),
  (57,'07768 187125'),
  (58,'0800 664 9252'),
  (59,'(0171) 025 8368'),
  (60,'076 7741 1621'),
  (61,'0800 113621'),
  (62,'(0141) 809 0697'),
  (63,'0304 685 6594'),
  (64,'(027) 2186 4497'),
  (65,'(01336) 964653'),
  (66,'0936 413 4491'),
  (67,'0800 378 3843'),
  (68,'0353 263 5688'),
  (69,'0325 155 4554'),
  (70,'0500 466736'),
  (71,'056 6134 8873'),
  (72,'0800 1111'),
  (73,'(028) 2268 5301'),
  (74,'(028) 2925 5822'),
  (75,'0835 761 2267'),
  (76,'070 8772 4167'),
  (77,'(01476) 511477'),
  (78,'055 5347 5266'),
  (79,'0988 659 3116'),
  (80,'076 2207 1748'),
  (81,'070 4283 2501'),
  (82,'055 1446 8871'),
  (83,'(0112) 434 9314'),
  (84,'056 4371 8383'),
  (85,'0800 354802'),
  (86,'(016977) 7237'),
  (87,'0344 511 5337'),
  (88,'0845 46 43'),
  (89,'(0151) 774 5118'),
  (90,'0386 951 6372'),
  (91,'(0114) 783 8542'),
  (92,'056 1145 3434'),
  (93,'0961 724 8635'),
  (94,'0940 888 3757'),
  (95,'(016516) 49980'),
  (96,'07155 771482'),
  (97,'(027) 4393 5316'),
  (98,'0978 294 2497'),
  (99,'(010882) 98788'),
  (100,'0800 337026');
INSERT INTO telephone (id,number)
VALUES
  (101,'076 8726 3178'),
  (102,'0987 078 3837'),
  (103,'0800 266 1342'),
  (104,'076 0612 4668'),
  (105,'0331 892 2168'),
  (106,'0845 46 41'),
  (107,'0845 46 48'),
  (108,'(0191) 811 4376'),
  (109,'055 9309 9685'),
  (110,'07548 755411'),
  (111,'07624 292217'),
  (112,'070 3616 5898'),
  (113,'0500 146545'),
  (114,'0845 46 44'),
  (115,'(01505) 68466'),
  (116,'0500 958205'),
  (117,'(01813) 67241'),
  (118,'0850 870 9948'),
  (119,'(015203) 25236'),
  (120,'(01313) 41323'),
  (121,'(011003) 81454'),
  (122,'0800 261 1336'),
  (123,'070 6152 6025'),
  (124,'0823 816 7553'),
  (125,'(022) 1574 3347'),
  (126,'(01133) 88633'),
  (127,'(0101) 163 7925'),
  (128,'0343 116 1818'),
  (129,'(01733) 44968'),
  (130,'07624 436537'),
  (131,'055 5068 1554'),
  (132,'0378 673 2625'),
  (133,'0997 815 2838'),
  (134,'(0115) 773 8001'),
  (135,'055 7708 4246'),
  (136,'(016977) 5762'),
  (137,'0500 548898'),
  (138,'(019711) 06112'),
  (139,'07842 968205'),
  (140,'0500 671215'),
  (141,'(01764) 75253'),
  (142,'056 2403 8448'),
  (143,'0800 530 1666'),
  (144,'076 7209 9420'),
  (145,'0800 366647'),
  (146,'0923 081 3499'),
  (147,'(018644) 67645'),
  (148,'0957 933 2433'),
  (149,'(01508) 24738'),
  (150,'(016977) 3793');
INSERT INTO telephone (id,number)
VALUES
  (151,'055 2237 0888'),
  (152,'076 5880 0884'),
  (153,'0800 224 8637'),
  (154,'0817 422 1558'),
  (155,'0500 975603'),
  (156,'0951 368 8764'),
  (157,'0384 932 3531'),
  (158,'07624 823137'),
  (159,'07624 713309'),
  (160,'(012787) 35021'),
  (161,'0800 406531'),
  (162,'056 4887 8471'),
  (163,'(0114) 188 6628'),
  (164,'0845 46 44'),
  (165,'(01672) 08664'),
  (166,'0967 424 7898'),
  (167,'(01723) 45252'),
  (168,'07343 883550'),
  (169,'0800 282 4722'),
  (170,'07789 288153'),
  (171,'(015264) 60225'),
  (172,'0800 407156'),
  (173,'(01651) 978298'),
  (174,'(01638) 331717'),
  (175,'(017613) 03753'),
  (176,'0811 324 4724'),
  (177,'070 5163 7488'),
  (178,'(016977) 1233'),
  (179,'(0171) 807 2216'),
  (180,'07181 701278'),
  (181,'070 9526 8957'),
  (182,'07354 702654'),
  (183,'07252 534573'),
  (184,'056 1163 3235'),
  (185,'(014685) 92381'),
  (186,'07561 782446'),
  (187,'056 3210 7369'),
  (188,'0800 983 6372'),
  (189,'0965 836 3168'),
  (190,'(027) 2730 9611'),
  (191,'0800 714 9068'),
  (192,'(022) 8785 3618'),
  (193,'070 7421 2658'),
  (194,'0800 1111'),
  (195,'0800 833 5188'),
  (196,'0800 336 1672'),
  (197,'(0118) 311 0821'),
  (198,'(01333) 33340'),
  (199,'(014815) 82750'),
  (200,'(01846) 22216');
INSERT INTO telephone (id,number)
VALUES
  (201,'0845 46 43'),
  (202,'0800 442 7943'),
  (203,'07624 998416'),
  (204,'(01534) 45551'),
  (205,'0973 768 1784'),
  (206,'(016977) 4346'),
  (207,'(01136) 048325'),
  (208,'0845 46 48'),
  (209,'0500 754372'),
  (210,'055 3240 3402'),
  (211,'0800 1111'),
  (212,'(0119) 445 0565'),
  (213,'0800 449645'),
  (214,'0800 848 9274'),
  (215,'(01411) 178577'),
  (216,'07090 873756'),
  (217,'076 7916 5480'),
  (218,'056 3147 8333'),
  (219,'(01765) 62865'),
  (220,'0800 845735'),
  (221,'0800 463360'),
  (222,'0800 1111'),
  (223,'076 5184 4381'),
  (224,'(0161) 741 5116'),
  (225,'0845 46 47'),
  (226,'(01252) 647383'),
  (227,'(0118) 424 5890'),
  (228,'(01558) 01148'),
  (229,'0841 183 8722'),
  (230,'0845 46 45'),
  (231,'0500 861221'),
  (232,'(016977) 8961'),
  (233,'(017183) 39240'),
  (234,'(01326) 45475'),
  (235,'0845 46 46'),
  (236,'055 0671 2618'),
  (237,'(016977) 0677'),
  (238,'(0181) 756 8160'),
  (239,'0800 1111'),
  (240,'0500 105479'),
  (241,'(021) 5560 1145'),
  (242,'07624 425588'),
  (243,'055 7366 7153'),
  (244,'(027) 8565 1150'),
  (245,'0859 119 8658'),
  (246,'056 5100 5855'),
  (247,'0800 741471'),
  (248,'07644 353506'),
  (249,'07689 687969'),
  (250,'07395 739221');

INSERT INTO address (id,address_line_1,town,post_code,landline)
VALUES
  (0,'887 Rose Lane','Brompton','ZG1 7XV',113),
  (1,'P.O. Box 369, 4746 Semper Rd.','La Paz','ZG1 7XV',140),
  (2,'Ap #307-6940 Hendrerit Av.','Winterswijk','F7 3NV',160),
  (3,'P.O. Box 414, 7590 Sit Road','Dublin','S13 7MJ',145),
  (4,'Ap #332-8928 In Road','Ligao','A30 1SV',29),
  (5,'608-5946 Nullam Avenue','Rostock','L6 1SB',214),
  (6,'P.O. Box 394, 9232 Turpis Street','Kędzierzyn-Koźle','Y14 8IV',210),
  (7,'7499 At Road','Wałbrzych','SG6S 0ZS',41),
  (8,'201-7082 Risus. Rd.','Sokoto','NS9 1VN',28),
  (9,'229-2297 Magnis St.','Zhejiang','Z7 8NG',220),
  (10,'539-1644 Duis Avenue','Belfast','FT7M 2XK',210),
  (11,'823-3909 Augue, Ave','Empangeni','YL62 2PK',8),
  (12,'422-2786 Eget Av.','Cusco','Y64 1NL',71),
  (13,'P.O. Box 672, 1870 Etiam St.','Quimbaya','BO8 0BR',195),
  (14,'Ap #191-7349 Consectetuer St.','Denpasar','DJ3I 1PT',42),
  (15,'P.O. Box 274, 9198 Malesuada Avenue','Polokwane','M17 4HE',218),
  (16,'Ap #265-7496 At, Rd.','Oklahoma City','VR0 0JB',239),
  (17,'566-5176 Nunc Av.','Newcastle','ZQ3S 7SE',230),
  (18,'602-6106 Nulla Street','Brive-la-Gaillarde','B3 8WW',199),
  (19,'325-5073 Vulputate Avenue','Omaha','B4U 7ID',234),
  (20,'5244 Nulla Ave','Calder','D8S 8YH',121),
  (21,'3564 Tellus St.','Ternopil','F1 5JP',107),
  (22,'840-4327 Lacinia Road','Konin','W46 2IE',108),
  (23,'8332 Varius Rd.','Puntarenas','CM8 2EY',158),
  (24,'P.O. Box 855, 5059 Et, St.','Zhejiang','HQ4Z 7EE',21),
  (25,'Ap #954-3290 Turpis. Rd.','Westrem','TS0 3LE',250),
  (26,'8625 Et Avenue','GrivegnŽe','GJ8 8YH',53),
  (27,'619-8250 Odio Ave','Zamora de Hidalgo','M0E 2LQ',176),
  (28,'Ap #856-765 Ipsum. St.','Poza Rica','P2 4UL',216),
  (29,'3480 Hendrerit Rd.','Qinghai','DX20 6HW',35),
  (30,'383-4573 Nec, Ave','Klerksdorp','TX13 3OZ',58),
  (31,'Ap #336-7236 Dapibus Road','Łomża','FN5 5RP',201),
  (32,'5210 Mollis Street','Bolsward','L5R 1AP',243),
  (33,'P.O. Box 689, 2638 Ac Rd.','Queilén','M6 1WH',20),
  (34,'284-6397 Posuere Road','Schagen','RN7C 4TS',29),
  (35,'P.O. Box 359, 1367 Tempus Rd.','Bukit Timah','N5 1HW',53),
  (36,'Ap #413-1358 Maecenas St.','Cần Thơ','IQ36 5NG',227),
  (37,'981-2447 Enim Street','Broken Hill','UM1 8MX',100),
  (38,'P.O. Box 834, 116 Vulputate Rd.','Bajaur Agency','M24 6CX',12),
  (39,'2896 Gravida. Rd.','Vienna','D4K 6YY',200),
  (40,'321-2132 Justo St.','Morrinsville','H12 7YI',49),
  (41,'Ap #663-8402 Posuere Street','Guadalupe','O4E 9ZO',150),
  (42,'8950 Felis. Rd.','Yunnan','RU8 9MO',208),
  (43,'Ap #474-8177 Leo. Av.','Angoulême','DX7J 3XY',63),
  (44,'Ap #952-7584 A Avenue','Homburg','Q8U 4PI',100),
  (45,'367-3622 Ante. Avenue','Trollhättan','P2U 3LR',182),
  (46,'P.O. Box 299, 5491 Lorem, St.','Ponta Grossa','BZ4D 7KL',9),
  (47,'Ap #946-5318 Turpis. Street','Vashkivtsi','AT6F 4OO',113),
  (48,'987-6635 Velit. Av.','Korneuburg','RF48 6LI',187),
  (49,'1657 Natoque St.','Tehuacán','BJ6Y 3JV',77),
  (50,'6903 Non, Road','Carlisle','Z11 7AJ',24);
INSERT INTO address (id,address_line_1,town,post_code,landline)
VALUES
  (51,'576-3695 Et Road','Picton','S4N 0RQ',156),
  (52,'9980 Magnis Avenue','Horten','Z58 4VW',168),
  (53,'P.O. Box 585, 9476 Penatibus Av.','Sembawang','HA0L 1LY',225),
  (54,'P.O. Box 402, 1586 Sem Rd.','Barranca','L7 9MC',193),
  (55,'Ap #942-8296 Vulputate St.','Cuenca','TC16 7XC',20),
  (56,'101-9041 Per Av.','Paranaguá','FV7H 1WO',63),
  (57,'712-3120 Nascetur Street','Motueka','C2 2MX',73),
  (58,'976-5368 Ligula St.','Bajaur Agency','HQ34 3NU',56),
  (59,'839-9615 Nulla Road','Şereflikoçhisar','OK3 7VV',177),
  (60,'Ap #417-8043 Vitae Rd.','Venezia','T24 9GQ',7),
  (61,'862-1174 Vestibulum Ave','Sale','EB4 2KQ',234),
  (62,'Ap #936-3660 Rhoncus Rd.','Timaukel','B8S 7FP',54),
  (63,'Ap #998-4435 Laoreet Ave','Istanbul','SP46 1LP',210),
  (64,'379-1243 Cursus Ave','Kidapawan','F2 2CX',57),
  (65,'733-3784 Amet, Road','North-Eastern Islands','N0W 9TJ',246),
  (66,'391-8371 Libero. Rd.','Brive-la-Gaillarde','LS9U 1MS',77),
  (67,'4713 Magna. Ave','Galway','QO7 9MY',216),
  (68,'909-2221 Imperdiet Av.','Bettiah','UD5 5MG',83),
  (69,'Ap #107-683 Quam Av.','Cao Bằng','J37 1PD',59),
  (70,'275-9378 Dolor. St.','Kohima','OK1 3NM',145),
  (71,'Ap #949-1337 Ante Av.','Shimla','JW92 6FU',121),
  (72,'Ap #258-3938 Blandit Avenue','Nova Kakhovka','MJ9X 2WT',56),
  (73,'Ap #897-2512 Eu Ave','Blairgowrie','F1 4KI',85),
  (74,'Ap #659-8138 Lorem Ave','Neuruppin','N0U 1KM',44),
  (75,'Ap #132-9864 Auctor Street','Belfast','N45 7LH',72),
  (76,'313-8286 Nascetur Rd.','Delft','ED4 3UH',90),
  (77,'Ap #922-9301 Mattis. Av.','San Pablo','TZ7 4OF',190),
  (78,'P.O. Box 848, 8216 Eget Avenue','Wodonga','U8U 1CS',30),
  (79,'Ap #119-4339 Non, Road','Ciudad Obregón','TR88 9VY',150),
  (80,'8462 Imperdiet, St.','Telde','A6 5OT',6),
  (81,'353-1427 Erat Av.','Sevastopol','D54 9HB',149),
  (82,'Ap #147-3619 Consectetuer Road','Aizwal','Q35 1GU',29),
  (83,'P.O. Box 241, 8121 Molestie. St.','Stavoren','Y5 2XB',213),
  (84,'Ap #459-6078 Lobortis Av.','Warszawa','VQ8 8IW',3),
  (85,'524-2241 Velit. Road','Gilgit','SC8O 1EE',132),
  (86,'7807 Arcu Rd.','Moscow','EN96 6JC',166),
  (87,'887-8707 Nisl Av.','Mülheim','S9 7SR',163),
  (88,'236-507 Phasellus St.','Kinrooi','MT7S 8EM',27),
  (89,'Ap #252-4581 Donec Av.','Ujjain','QM25 7UO',119),
  (90,'414-143 Nulla Street','Yishun','I2 8GT',153),
  (91,'8984 Ipsum. Rd.','Bengkulu','G7 2VC',119),
  (92,'Ap #728-4542 Purus. St.','Kirov','Y5 6QL',94),
  (93,'4312 Porttitor Av.','Gosnells','MV7P 3SU',106),
  (94,'Ap #645-6203 Phasellus Av.','Penza','T3 2JG',231),
  (95,'954-581 Eget Av.','Quy Nhơn','V8P 0TE',83),
  (96,'Ap #426-5954 Lacus. St.','Bazel','RF71 1VA',207),
  (97,'Ap #342-1076 Torquent Ave','Melilla','N8 2JU',189),
  (98,'Ap #381-6173 Dictum Rd.','Vertou','GP7 2YX',248),
  (99,'Ap #555-2244 Sed Road','Moose Jaw','F37 1FY',72),
  (100,'P.O. Box 666, 4001 In, St.','Pervomaisk','K48 7US',188);
INSERT INTO address (id,address_line_1,town,post_code,landline)
VALUES
  (101,'783-273 Sed Av.','Xinjiang','S6 7JW',204),
  (102,'Ap #165-2981 Augue Street','Paraíso','D4V 2RO',200),
  (103,'P.O. Box 608, 1593 Egestas Rd.','Kingussie','T55 2RI',200),
  (104,'676-7457 Amet Av.','Itanagar','I7 7PC',93),
  (105,'P.O. Box 524, 7650 Mauris. Rd.','Vitrival','JI2 9JP',91),
  (106,'Ap #592-536 Adipiscing Rd.','Hoogeveen','TZ38 7TC',44),
  (107,'1809 Auctor St.','Yogyakarta','PT4P 4QQ',158),
  (108,'P.O. Box 739, 250 Lacus. St.','Frankenthal','X11 8JB',62),
  (109,'828-1029 Phasellus Road','Juliaca','AI4P 4IF',189),
  (110,'603-4004 Cras Street','Ambon','GQ1V 6TT',67),
  (111,'Ap #601-8164 Malesuada Rd.','Pont-ˆ-Celles','PG3 9PN',3),
  (112,'Ap #654-6734 Aliquam Avenue','Kaduna','ZJ51 2UK',162),
  (113,'Ap #172-2568 Sed, Rd.','Hopefield','X5T 6TF',236),
  (114,'559-4827 Ut Road','Seydişehir','LL1F 6ZZ',126),
  (115,'Ap #598-9426 Sit Ave','Utrecht','VS5 5DA',167),
  (116,'Ap #574-682 Lacinia Av.','Gangneung','F77 3KA',17),
  (117,'6958 Eu Rd.','Leipzig','W1 3XH',87),
  (118,'686 Tellus. Rd.','Hà Tĩnh','Q4G 9CA',125),
  (119,'P.O. Box 488, 7453 Orci. Rd.','Secunda','R7P 7TP',36),
  (120,'P.O. Box 137, 6910 Eu Rd.','Limón (Puerto Limón]','UR4 3UI',84),
  (121,'6223 Quam. Rd.','Serik','NU0H 7JV',86),
  (122,'Ap #711-4657 Venenatis Ave','Lào Cai','X7X 7HV',248),
  (123,'Ap #693-7228 Amet, Road','Oaxaca','E7 4OE',72),
  (124,'568-5495 Montes, St.','Deventer','F64 9WM',82),
  (125,'P.O. Box 561, 9996 A Avenue','Ulloa (Barrial]','Y78 6PR',147),
  (126,'Ap #580-5109 Sed Rd.','Belford Roxo','LL7P 5EW',51),
  (127,'Ap #753-4451 Elit Rd.','General Lagos','YC65 4PR',157),
  (128,'Ap #916-9809 Orci. Av.','Lerum','Q4M 7PH',114),
  (129,'178-8607 Feugiat. Road','Đồng Hới','TM9 3QT',73),
  (130,'Ap #652-1298 Sit Avenue','Tyumen','J1 2IP',99),
  (131,'Ap #813-9840 Ridiculus Road','Mường Lay','KE1V 7PE',235),
  (132,'929-8646 Ante Rd.','Dibrugarh','O0M 3SV',6),
  (133,'6320 Convallis St.','Muñoz','G2X 2MP',56),
  (134,'3126 Est Street','Isabela City','M8 7JB',209),
  (135,'986-2214 Orci Rd.','Grangemouth','LG5B 6FD',136),
  (136,'P.O. Box 235, 8080 Et, Rd.','Bajaur Agency','RO6P 7KG',141),
  (137,'Ap #708-8612 Dapibus Street','Abbeville','O2Y 6CL',138),
  (138,'684-9177 Fringilla, Rd.','Nizhny','IV8O 7GO',54),
  (139,'6628 Nec, Rd.','Cáceres','G90 6DS',30),
  (140,'Ap #692-1180 Justo Street','Tame','KV96 6ME',49),
  (141,'772-2389 Proin Rd.','Macau','II51 1QY',87),
  (142,'7221 Varius Avenue','Sungei Kadut','HG7 2IG',166),
  (143,'Ap #631-8202 Malesuada Street','Cork','HV3H 6GX',174),
  (144,'997-158 Adipiscing Avenue','Skövde','A86 2KX',67),
  (145,'4582 Nunc Road','Ivanovo','C3 7YS',14),
  (146,'Ap #711-5021 Eu Road','Colomiers','Q0 7RT',200),
  (147,'490-2677 Scelerisque Road','Chuncheon','Z0 5BS',40),
  (148,'6977 Venenatis Avenue','Nova Kakhovka','R1 1EZ',200),
  (149,'4152 Sed Ave','Gangtok','AL2Z 6UF',124),
  (150,'Ap #409-2608 Ullamcorper. St.','Milano','GS7 6PB',53);
INSERT INTO address (id,address_line_1,town,post_code,landline)
VALUES
  (151,'Ap #789-151 Aptent Road','Riosucio','QU9 7TK',237),
  (152,'P.O. Box 813, 9407 Curabitur Ave','Petrolina','QW3G 4HC',110),
  (153,'8191 Ipsum. Av.','Borås','RT02 3FH',237),
  (154,'P.O. Box 148, 5762 Tellus, St.','Guarapuava','DK68 4JD',131),
  (155,'175-7947 Ultrices Ave','West Ham','V9 9LB',11),
  (156,'Ap #360-7305 Cras Street','Galway','ER1L 3WV',58),
  (157,'7723 Arcu St.','Ravenstein','D6M 3OB',147),
  (158,'P.O. Box 146, 1727 Suspendisse St.','Coevorden','R15 7GF',28),
  (159,'Ap #739-1858 Aliquam St.','Taupo','ND5 2XJ',39),
  (160,'Ap #627-2237 Aliquet Street','Monterrey','D5 7TJ',55),
  (161,'3768 Adipiscing. Ave','St. Asaph','X8M 6GG',160),
  (162,'Ap #925-8706 Imperdiet St.','New Plymouth','M15 9SZ',218),
  (163,'6993 Suspendisse Road','East London','LI4 7DP',199),
  (164,'626-4352 Cras St.','Putre','X45 4JG',183),
  (165,'245-1670 Risus. Ave','Pınarbaşı','E5P 4RU',87),
  (166,'P.O. Box 816, 6865 Morbi Street','Kimberley','S73 1SQ',232),
  (167,'572-4787 Nulla. Avenue','Bengkulu','OW76 6UG',22),
  (168,'960-1853 Nunc Rd.','Beauvechain','EB5U 0CM',137),
  (169,'P.O. Box 719, 7978 At, Rd.','Oryol','NS8 6ZX',18),
  (170,'867-7820 Donec Rd.','Daiano','AS5R 8BI',167),
  (171,'Ap #934-4571 Aliquam St.','San Cristóbal de la Laguna','F3V 8VV',90),
  (172,'Ap #686-4547 Nibh Avenue','Pontypridd','MN9 7IC',80),
  (173,'8293 Ornare, Street','Bressoux','AQ8Q 0SH',131),
  (174,'204-2569 Morbi Rd.','Taupo','K1P 2YI',205),
  (175,'Ap #976-4364 Ligula Street','Tibet','T5 8HO',68),
  (176,'P.O. Box 721, 7515 Interdum. Avenue','Mérida','CN3G 4YS',208),
  (177,'1377 Amet Ave','Pachuca','KH45 4RO',106),
  (178,'P.O. Box 104, 2577 Sed Ave','Lozova','R3H 4WW',122),
  (179,'5295 Eu Rd.','Deutschkreutz','JC89 5TZ',93),
  (180,'P.O. Box 977, 481 Fusce Ave','Alta','PH3 3EC',181),
  (181,'3311 Molestie Rd.','Tarakan','ZE8Y 1BY',13),
  (182,'587-9850 Pharetra, Road','Recife','M7Q 3KY',122),
  (183,'P.O. Box 349, 8646 Nisi Rd.','Hopefield','XM6N 5TE',128),
  (184,'435-6873 Donec Avenue','Banjarmasin','HD2 5RN',168),
  (185,'Ap #427-6534 Vivamus Road','Tobermory','MV35 3DX',58),
  (186,'P.O. Box 674, 560 Est Rd.','Serangoon','HJ8 2EF',111),
  (187,'120-6817 Ac Av.','Bida','FN8N 8XT',5),
  (188,'366-4017 A St.','Radom','GB2B 6JM',98),
  (189,'Ap #848-1862 Lorem Rd.','Valle del Guamuez','ZT8 6MO',139),
  (190,'Ap #866-1352 Vivamus Rd.','Saint-LŽger','IV0V 2ED',129),
  (191,'868-623 Proin Rd.','Ulloa (Barrial]','B13 3FI',41),
  (192,'2201 At Street','Vereeniging','CE97 4OI',237),
  (193,'P.O. Box 990, 1048 At, Road','Vitória da Conquista','ST2 2TL',247),
  (194,'669-1549 Quis Street','Leoben','FT1 6SF',113),
  (195,'Ap #133-7843 Orci. Rd.','La Rochelle','T4 4EJ',230),
  (196,'469-1229 Eu, Ave','Naushahro Firoze','UO3O 3SI',204),
  (197,'Ap #924-5925 Fusce Ave','Shanxi','L85 9EQ',169),
  (198,'689-3773 Sociosqu Rd.','Norfolk','MH6 8HQ',107),
  (199,'Ap #365-6309 Vel, St.','Westport','YS2 4DG',147),
  (200,'242-9821 Sodales Rd.','Germiston','T8 7JI',137);

INSERT INTO user_table (id,first_name,last_name,address_id)
VALUES
  (0,'Jeff','Ross',65),
  (1,'Stone','Ross',67),
  (2,'Orson','Freeman',57),
  (3,'Allistair','Hood',65),
  (4,'Stephen','Daniels',147),
  (5,'Zane','Vasquez',123),
  (6,'Deacon','Petersen',167),
  (7,'Ryder','Rivers',50),
  (8,'Zachary','Jackson',193),
  (9,'Elmo','Weber',28),
  (10,'Lionel','Shelton',4),
  (11,'Lewis','Bryant',159),
  (12,'Wyatt','Eaton',115),
  (13,'Stuart','Sawyer',70),
  (14,'Ezekiel','Haney',65),
  (15,'Kevin','Whitfield',156),
  (16,'Armando','Morris',192),
  (17,'Flynn','Browning',188),
  (18,'Callum','Albert',54),
  (19,'Magee','Potts',150),
  (20,'Alexander','Sheppard',186),
  (21,'Chancellor','Snider',108),
  (22,'Ahmed','Holt',40),
  (23,'Ray','Barron',199),
  (24,'Reed','Davenport',24),
  (25,'Alec','Stuart',8),
  (26,'Sean','Hernandez',175),
  (27,'Cedric','Giles',61),
  (28,'Kadeem','Bennett',101),
  (29,'Ivan','Alvarado',66),
  (30,'David','Combs',77),
  (31,'Jamal','Moss',95),
  (32,'Perry','Hahn',54),
  (33,'Walter','Welch',52),
  (34,'Eaton','Navarro',93),
  (35,'Merritt','Bowen',16),
  (36,'Oleg','Wolfe',162),
  (37,'Arden','Dunn',107),
  (38,'Caleb','Long',41),
  (39,'Thane','O''donnell',83),
  (40,'Kevin','Levy',47),
  (41,'Carl','Chan',159),
  (42,'Nathaniel','Hancock',30),
  (43,'Sylvester','Miranda',49),
  (44,'Bradley','Welch',39),
  (45,'Lawrence','Andrews',60),
  (46,'Lucian','Holland',30),
  (47,'Deacon','Quinn',104),
  (48,'Merrill','Rose',167),
  (49,'Wyatt','Lang',51),
  (50,'Randall','Pearson',132);
INSERT INTO user_table (id,first_name,last_name,address_id)
VALUES
  (51,'Wayne','Haley',152),
  (52,'Myles','Horn',167),
  (53,'Tanner','Morris',119),
  (54,'Camden','Turner',17),
  (55,'Zachery','Randolph',183),
  (56,'Gabriel','Charles',92),
  (57,'Chaney','Mccormick',78),
  (58,'George','Mcfadden',131),
  (59,'Brandon','Stein',126),
  (60,'Shad','Daniel',128),
  (61,'Akeem','Powell',111),
  (62,'Evan','Burke',89),
  (63,'Jamal','Butler',73),
  (64,'Camden','Emerson',85),
  (65,'Thor','Sandoval',127),
  (66,'Aristotle','Bowman',148),
  (67,'Omar','Marquez',43),
  (68,'Denton','Ellison',76),
  (69,'Flynn','Baldwin',18),
  (70,'Cyrus','Garner',150),
  (71,'Thane','Boyer',159),
  (72,'Blake','Roman',95),
  (73,'Wyatt','Brady',90),
  (74,'Adrian','Watts',104),
  (75,'Timothy','Frederick',39),
  (76,'Nissim','Day',29),
  (77,'Justin','Walker',65),
  (78,'Tiger','O''donnell',81),
  (79,'Elijah','Cole',28),
  (80,'Kenneth','Price',60),
  (81,'Keane','Marsh',141),
  (82,'Myles','Bridges',103),
  (83,'Guy','Atkinson',68),
  (84,'Francis','Mcdaniel',182),
  (85,'George','Mcbride',107),
  (86,'Tad','Miller',70),
  (87,'Griffith','Vasquez',8),
  (88,'Kuame','Mccarty',86),
  (89,'Caesar','Gibbs',19),
  (90,'Uriah','Snyder',37),
  (91,'Jasper','Suarez',150),
  (92,'Arden','David',13),
  (93,'Wayne','Reeves',123),
  (94,'Ignatius','Castaneda',43),
  (95,'Boris','Berger',86),
  (96,'Jeremy','Walters',144),
  (97,'Joseph','Dyer',147),
  (98,'Scott','Holland',69),
  (99,'Yoshio','Farley',12),
  (100,'Kane','Booth',29);

INSERT INTO user_telephone (user_id, telephone_id)
VALUES
(1,2),
(2,3),
(3,4),
(4,5),
(5,6),
(6,7),
(7,8),
(8,9),
(9,10),
(10,11),
(11,12),
(12,13),
(13,14),
(14,15),
(15,16),
(16,17),
(17,18),
(18,19),
(19,20);

INSERT INTO user_telephone (user_id, telephone_id)
VALUES
(20,21),
(21,22),
(22,23),
(23,24),
(24,25),
(25,26),
(26,27),
(27,28),
(28,29),
(29,30),
(30,31),
(31,32),
(32,33),
(33,34),
(34,35),
(35,36),
(36,37),
(37,38),
(38,39),
(39,40);

INSERT INTO user_telephone (user_id, telephone_id)
VALUES
(40,41),
(41,42),
(42,43),
(43,44),
(44,45),
(45,46),
(46,47),
(47,48),
(48,49),
(49,50),
(50,51),
(51,52),
(52,53),
(53,54),
(54,55),
(55,56),
(56,57),
(57,58),
(58,59),
(59,60);

INSERT INTO user_telephone (user_id, telephone_id)
VALUES
(60,61),
(61,62),
(62,63),
(63,64),
(64,65),
(65,66),
(66,67),
(67,68),
(68,69),
(69,70),
(70,71),
(71,72),
(72,73),
(73,74),
(74,75),
(75,76),
(76,77),
(77,78),
(78,79);

INSERT INTO user_telephone (user_id, telephone_id)
VALUES
(79,80),
(80,81),
(81,82),
(82,83),
(83,84),
(84,85),
(85,86),
(86,87),
(87,88),
(88,89),
(89,90),
(90,91),
(91,92),
(92,93),
(93,94),
(94,95),
(95,96),
(96,97),
(97,98),
(98,99),
(99,100);
